count,mae_j,rmse_j,r2,mape_pct
233.0,5.131949706791062,11.410556030469877,0.9873318992282144,7.613292446192978
