count,mae_j,rmse_j,r2,mape_pct
233.0,17.27335208805221,36.98011219779703,0.9857976338071303,8.200270714262478
