count,mae_j,rmse_j,r2,mape_pct
233.0,1.8974218582783953,4.6521135258234,0.992804826827563,6.961833546986505
