count,mae_j,rmse_j,r2,mape_pct
233.0,10.485999936645767,21.552778922493307,0.9817038648330593,9.213907399422483
